"ID","Age","Sex","Year","Faculty","Performance","Social","Mental_Health","Awareness","Connected","Resources","Expression","Community","Networking","Interactions","Time_Wasted","Concentration","Negative_Content","Data_Security","Inadequate"
1,22,1,3,1,2,4,4,4,5,5,5,5,5,1,5,5,1,1,1
2,18,1,2,1,5,4,5,4,5,2,2,5,1,5,5,1,1,3,3
3,19,0,2,1,5,5,2,5,1,1,1,1,1,1,1,1,3,2,1
4,18,1,1,3,1,4,3,5,5,1,3,3,4,1,5,4,3,2,1
5,18,0,2,1,4,4,3,4,5,5,3,4,5,1,3,2,4,4,5
6,17,1,2,2,2,2,2,4,4,3,5,1,2,1,4,4,3,2,3
7,18,1,2,1,2,2,3,2,5,3,4,4,5,1,3,3,5,1,4
8,15,1,2,1,4,5,4,4,3,2,2,4,5,1,4,3,2,1,5
9,17,1,4,1,1,1,1,1,5,3,4,5,4,1,5,3,4,5,4
10,19,0,2,1,5,5,3,1,5,5,4,5,4,1,3,2,4,5,3
11,18,1,1,2,5,4,5,4,5,2,3,1,1,5,1,2,3,3,3
12,18,1,1,3,5,2,3,2,1,4,3,2,1,1,1,5,3,1,2
13,17,1,2,1,5,4,3,5,4,4,3,4,1,4,4,4,4,4,4
14,18,1,2,2,1,2,3,3,5,5,5,4,4,1,1,1,2,4,1
15,19,1,3,1,3,2,3,5,5,5,5,5,1,1,5,5,5,4,5
16,22,1,3,1,4,4,4,4,5,5,5,5,1,5,1,1,1,5,3
17,19,0,2,1,1,2,3,1,5,5,3,4,5,1,3,2,4,5,3
18,15,0,2,1,3,4,4,4,5,5,5,5,5,1,1,3,5,5,5
19,18,0,1,1,3,5,3,4,5,4,4,5,1,3,3,3,3,5,5
20,19,1,3,2,1,2,1,2,1,4,5,2,3,1,1,3,3,5,5
21,19,1,2,2,2,5,3,1,5,5,4,5,1,1,5,5,4,5,3
22,19,0,2,1,4,4,4,4,5,5,4,5,1,5,2,3,2,5,3
23,18,0,2,1,2,2,4,2,5,5,5,5,5,1,5,5,5,5,5
24,16,0,2,1,5,4,3,5,4,3,3,4,1,5,5,3,3,4,4
25,22,0,4,2,3,4,1,5,2,3,5,5,5,2,5,5,5,5,5
26,17,0,2,1,3,5,4,4,4,5,5,1,5,1,1,1,5,5,5
27,18,0,1,1,5,4,2,4,5,3,3,3,1,2,4,3,4,4,2
28,20,1,3,1,2,1,3,4,4,4,5,1,2,1,4,1,3,3,2
29,22,0,2,1,5,4,4,4,5,5,5,5,5,1,1,5,5,1,5
30,21,0,4,1,3,4,4,4,3,4,5,2,4,1,4,2,5,3,4
31,19,1,4,2,1,1,1,1,5,5,4,5,5,1,5,3,5,2,1
32,17,0,2,1,5,5,4,4,5,5,4,1,5,1,2,4,5,3,2
33,17,1,2,2,5,5,5,5,5,1,5,5,1,5,5,5,5,4,4
34,18,0,2,1,5,5,5,4,3,5,1,1,1,1,4,3,5,3,3
35,16,1,1,2,4,4,4,4,5,5,4,2,3,1,5,2,5,3,4
36,18,0,3,2,4,4,4,5,4,1,1,1,1,1,3,3,1,4,1
37,20,0,2,1,1,1,2,2,5,4,5,4,5,1,5,4,5,4,3
38,16,0,1,3,3,1,3,5,1,3,4,1,3,1,2,3,2,1,4
39,17,1,2,2,1,1,3,1,4,3,5,5,1,2,3,1,5,4,3
40,18,0,2,2,1,1,1,1,5,5,3,5,1,5,5,3,2,5,4
41,16,1,2,2,5,5,4,4,5,5,5,1,5,1,1,1,1,1,1
42,19,0,2,2,1,1,1,2,4,4,5,1,4,1,3,2,3,1,4
43,17,1,3,1,5,4,3,5,5,5,5,5,5,1,1,1,1,1,1
44,17,1,1,3,5,5,4,3,5,5,5,5,1,5,3,1,5,5,4
45,18,0,2,1,3,4,4,5,5,5,4,5,4,1,1,1,3,1,1
46,20,0,4,2,5,1,3,5,1,1,3,1,1,1,1,1,1,1,4
47,18,0,2,1,2,1,1,2,5,5,5,5,1,5,1,5,5,5,3
48,20,0,2,1,5,5,2,2,5,3,4,5,4,1,4,4,3,4,5
49,17,1,2,2,2,3,1,1,5,4,5,3,3,1,1,4,4,5,4
50,19,0,3,1,3,3,2,5,5,5,5,5,5,1,5,5,5,5,5
51,21,0,3,1,3,1,1,2,5,5,4,4,5,1,5,5,5,4,3
52,14,1,2,2,4,1,2,1,5,4,3,2,4,1,1,2,3,4,5
53,17,0,2,1,5,5,5,5,5,4,4,5,4,1,3,5,5,5,5
54,17,0,1,1,1,1,4,2,5,5,5,2,5,1,4,4,2,2,1
55,17,1,2,1,5,5,5,5,5,5,4,5,1,5,5,4,5,5,5
56,17,0,2,2,4,4,5,4,1,1,3,2,1,1,5,2,3,4,1
57,19,1,4,2,1,2,5,2,5,5,4,3,5,1,2,1,2,1,1
58,16,0,2,1,1,1,1,1,5,5,5,3,5,1,5,5,5,4,5
59,18,1,2,2,1,1,2,1,3,4,2,5,1,5,5,2,5,4,4
60,20,0,2,1,1,2,2,2,4,3,4,5,4,1,5,3,3,3,3
61,18,0,2,1,3,5,4,4,3,1,2,4,1,4,3,1,2,3,3
62,18,0,3,2,2,2,2,4,4,3,5,1,4,1,4,2,2,1,2
63,18,0,2,1,3,3,3,2,5,5,5,5,4,5,5,5,5,5,5
64,17,1,1,3,3,2,2,2,5,4,5,1,5,1,5,5,5,5,1
65,16,1,1,3,4,3,4,3,5,5,2,5,2,3,5,3,2,4,3
66,17,0,3,1,4,5,4,4,2,4,3,1,3,1,5,5,5,5,5
67,15,1,2,1,4,5,4,4,3,2,1,4,5,1,4,3,2,1,5
68,18,1,2,2,1,1,1,1,4,5,3,1,2,1,3,5,1,1,4
69,19,0,1,2,1,1,1,1,5,5,4,5,1,4,5,4,4,5,4
70,17,0,2,1,4,3,5,5,4,4,3,5,1,4,4,3,4,4,4
71,17,0,2,2,2,1,3,3,5,3,5,3,1,1,5,3,4,4,1
72,19,1,2,1,4,5,4,5,5,5,4,4,4,1,5,4,4,3,2
73,18,0,2,2,5,5,5,5,5,5,4,4,1,5,4,4,5,5,4
74,20,0,4,1,2,3,1,5,5,2,3,5,1,2,5,3,1,1,3
75,18,0,3,1,4,4,3,4,4,3,3,5,1,3,4,3,5,5,4
76,17,0,1,2,1,3,3,2,5,5,5,5,5,1,5,4,4,3,4
77,20,1,4,2,5,4,5,5,5,5,1,5,5,1,5,1,1,5,5
78,19,1,4,2,3,4,4,4,1,3,2,2,3,1,3,4,4,3,2
79,24,0,4,2,2,2,3,2,4,3,5,4,1,5,4,2,3,5,4
80,17,1,2,1,1,1,2,1,5,5,2,3,5,1,1,1,5,5,1
81,18,0,1,1,3,5,3,4,5,4,4,5,1,3,3,3,3,5,3
82,17,0,2,1,3,3,4,3,4,3,5,4,1,5,4,3,2,4,4
83,18,0,2,1,2,2,3,1,5,5,4,3,5,1,4,4,5,3,5
84,18,1,2,1,5,5,3,4,5,5,5,3,5,1,5,5,5,5,5
85,17,0,4,1,4,3,4,3,5,3,2,5,1,5,5,3,2,4,4
86,22,1,3,1,5,4,5,4,5,5,5,5,5,1,1,1,1,1,1
87,17,1,2,1,1,2,2,2,5,5,5,5,5,1,1,1,1,1,5
88,17,0,1,1,4,5,5,4,5,4,3,2,1,1,1,3,4,5,2
89,18,1,1,2,3,2,2,2,4,4,4,4,1,5,3,1,4,4,4
90,22,1,2,2,4,4,5,4,5,5,5,5,1,1,1,3,1,5,1
91,16,0,1,2,4,4,4,4,5,1,3,1,2,1,3,2,5,4,1
92,17,1,2,2,4,5,2,5,5,5,5,5,1,5,5,5,5,4,5
93,17,1,2,1,5,5,5,4,5,5,1,4,4,1,1,3,3,2,1
94,20,0,2,1,5,4,5,4,1,1,1,5,1,1,5,1,5,3,3
95,16,0,2,1,5,5,4,5,5,2,1,3,1,5,2,3,1,3,3
96,16,0,2,1,5,5,3,5,5,4,4,5,1,1,2,4,5,5,3
97,19,0,2,1,4,4,3,3,4,1,4,5,1,1,5,1,2,5,1
98,19,0,2,1,5,5,5,5,1,2,1,3,1,1,5,4,2,3,1
99,17,0,2,1,5,5,5,5,1,1,1,1,1,1,5,3,5,4,3
100,17,0,2,1,3,4,2,5,5,1,5,1,1,1,3,1,2,1,5
101,23,0,3,2,1,5,3,2,5,5,4,5,4,1,5,2,2,2,2
102,20,1,4,1,1,1,1,1,2,5,4,5,1,1,3,4,5,3,3
103,24,1,3,2,5,5,4,5,1,5,1,1,1,3,1,1,1,1,2
104,20,0,3,2,3,5,5,1,5,5,4,2,1,1,5,3,5,5,1
105,17,1,2,1,5,4,4,4,4,4,3,4,4,1,1,1,4,4,3
106,19,0,3,1,1,1,2,2,5,5,4,5,5,1,1,1,2,1,1
107,17,0,2,1,4,5,3,3,5,5,1,1,1,4,5,1,1,3,3
108,18,1,1,1,5,4,5,5,5,5,5,5,1,4,4,5,5,5,4
109,16,1,1,1,4,3,4,4,2,3,5,4,2,1,3,4,2,3,5
110,21,1,4,2,1,1,5,1,4,1,3,3,4,1,4,5,1,1,5
111,18,0,2,1,2,3,3,4,5,4,1,3,4,1,4,2,3,4,1
112,17,0,2,2,1,3,1,3,5,1,1,1,5,1,1,1,1,5,1
113,17,1,1,1,2,1,2,2,4,3,5,2,1,1,2,5,1,1,3
114,19,1,2,1,5,5,5,5,5,4,3,4,5,1,3,5,4,5,1
115,21,0,3,1,1,1,2,1,5,5,1,5,1,1,5,5,5,4,3
116,18,0,3,1,4,4,3,4,5,4,4,4,1,4,1,4,3,4,3
117,16,1,1,2,4,5,4,5,3,1,1,1,3,1,4,1,4,1,1
118,15,1,5,1,1,1,3,1,5,3,3,5,1,1,3,5,3,2,5
119,18,1,3,2,4,4,3,4,5,4,4,3,5,1,4,4,5,4,3
120,17,0,2,1,5,4,4,3,2,2,5,2,1,3,3,3,5,5,3
121,19,0,2,1,3,4,3,4,5,5,1,1,1,1,5,5,1,3,3
122,18,0,2,1,4,3,2,3,4,3,3,4,1,5,5,4,5,4,5
123,17,0,2,3,5,5,5,5,5,4,4,5,1,5,5,3,3,5,4
124,19,1,4,2,3,3,1,4,4,3,3,4,5,1,1,1,4,2,1
125,17,0,2,1,4,5,2,5,5,3,5,4,4,1,5,4,3,3,3
126,19,0,2,1,5,5,5,4,5,5,4,5,1,5,1,5,4,5,5
127,19,1,2,3,3,4,5,5,5,5,5,5,5,1,5,5,5,5,5
128,17,0,1,1,4,5,3,4,5,5,5,5,1,5,5,3,2,5,4
129,18,0,2,2,3,4,4,1,1,5,3,2,4,1,5,3,4,2,1
130,19,0,3,2,4,5,4,4,4,3,5,5,1,5,5,4,4,4,4
131,18,1,3,1,3,3,2,3,5,5,5,1,1,2,1,5,1,5,1
132,18,0,1,1,5,2,2,4,5,5,3,3,2,1,2,2,1,3,4
133,20,0,1,3,5,4,4,4,3,5,4,2,1,2,3,5,4,4,3
134,19,0,2,1,1,1,3,1,5,5,4,5,4,1,3,2,4,4,1
135,20,1,3,2,1,1,3,1,5,5,5,5,5,1,5,5,5,5,5
136,17,1,2,1,2,3,4,4,4,1,3,4,1,3,4,5,5,3,4
137,15,1,2,1,4,5,5,5,5,5,5,1,1,1,1,1,5,1,1
138,18,0,4,2,5,5,5,1,3,1,1,1,2,1,5,4,5,5,1
139,18,1,2,3,1,3,3,2,4,4,3,4,5,1,5,4,4,3,4
140,18,1,2,2,5,4,5,5,4,5,5,5,1,5,5,4,5,5,5
141,19,1,2,1,5,4,3,4,5,5,5,5,5,1,3,4,3,3,3
142,17,0,2,1,3,2,5,4,5,5,5,1,1,1,5,1,1,1,5
143,21,0,1,1,3,5,4,4,5,5,5,3,1,4,5,2,3,5,1
144,19,1,2,2,2,1,2,1,5,5,3,5,3,1,4,3,3,3,4
145,18,0,2,2,1,2,5,2,4,5,2,3,1,2,4,3,2,3,3
146,17,0,2,2,1,1,1,1,5,4,4,5,5,1,3,2,3,3,1
147,18,0,2,1,5,4,3,4,5,5,5,3,2,1,3,3,3,1,1
148,16,0,1,2,4,4,5,4,4,1,1,1,2,1,3,3,1,4,1
149,22,0,4,1,1,2,1,2,3,1,2,2,2,1,1,3,2,5,5
150,20,1,2,2,4,3,1,4,5,4,1,3,2,1,5,4,5,5,5
151,17,0,2,1,2,4,2,3,5,5,3,3,3,1,5,5,5,5,4
152,18,0,1,1,1,1,1,1,5,5,5,5,5,1,1,1,1,1,1
153,18,1,3,1,4,5,5,5,4,4,3,5,1,4,5,4,3,4,4
154,18,1,2,2,5,4,5,4,1,1,3,5,4,1,1,2,4,5,1
155,19,0,3,1,3,2,2,4,5,4,3,1,4,1,1,1,4,1,1
156,17,1,2,1,2,2,2,3,5,4,5,2,5,1,3,3,3,4,4
157,20,0,3,1,1,4,2,2,5,5,1,5,5,1,1,1,1,5,1
158,17,0,2,1,2,3,2,5,3,3,3,3,1,1,3,3,3,4,5
159,19,1,4,1,4,4,2,3,5,3,1,2,5,1,5,4,3,2,1
160,18,1,2,3,3,3,2,2,4,4,4,2,1,1,5,4,4,5,4
161,20,0,2,1,3,3,3,3,4,5,5,5,1,3,4,4,4,5,4
162,19,0,1,3,3,2,3,2,5,2,3,4,1,2,3,2,4,5,1
163,18,1,2,2,4,4,4,4,5,5,5,5,1,5,5,5,5,5,5
164,16,0,2,1,4,4,4,4,5,5,5,4,1,5,3,2,1,1,5
165,17,0,1,2,4,3,4,5,2,1,2,1,2,1,3,2,4,3,2
166,17,1,2,1,1,2,2,2,5,4,3,2,3,1,5,4,5,5,3
167,17,0,2,1,4,4,5,5,1,1,5,2,1,1,5,5,5,5,5
168,17,1,2,1,2,3,2,2,5,5,4,4,4,1,5,4,4,4,3
169,17,0,2,1,5,5,5,5,5,4,4,5,1,3,2,2,2,5,2
170,18,1,2,1,2,2,2,2,3,4,5,1,2,1,4,2,1,3,2
171,20,1,2,1,5,1,5,1,5,5,5,3,3,1,1,1,1,3,1
172,18,0,2,1,5,4,4,5,5,5,3,4,1,1,1,3,2,4,3
173,17,1,1,3,1,1,3,2,5,3,5,1,1,1,1,1,1,1,1
174,17,0,2,2,4,5,4,3,3,4,4,5,5,1,3,3,5,4,5
175,19,0,1,1,3,5,4,5,5,5,5,1,5,1,3,2,5,1,1
176,27,0,2,1,4,4,3,5,5,4,4,3,4,1,3,3,4,2,1
177,18,0,2,3,5,3,5,5,5,5,5,3,5,1,5,1,5,5,3
178,17,1,2,1,2,2,2,2,4,5,3,4,4,1,4,5,4,3,4
179,18,1,2,3,5,5,5,5,5,4,4,5,1,4,3,4,1,5,3
180,17,1,2,1,3,1,2,1,5,3,5,4,5,1,5,4,5,5,5
181,21,0,2,1,3,1,1,1,1,2,3,5,3,1,1,4,3,3,4
182,17,1,2,2,4,5,1,5,5,5,1,5,5,1,5,1,5,5,5
183,16,0,2,1,3,4,4,4,5,5,1,5,5,1,1,1,5,1,1
184,19,0,2,1,5,5,3,5,5,3,5,5,5,1,5,5,1,5,3
185,16,0,1,1,3,2,5,5,4,5,3,2,5,1,5,3,5,4,1
186,18,0,2,1,1,2,2,2,5,5,4,4,5,1,3,2,3,5,3
187,21,1,2,2,5,5,5,5,5,5,5,5,5,1,4,4,4,4,4
188,17,1,2,2,2,1,3,3,5,3,3,3,1,5,5,3,2,5,4
189,17,1,2,1,5,3,3,5,4,4,4,4,1,2,2,2,2,4,2
190,16,0,2,1,4,4,4,4,5,5,5,5,1,5,5,1,5,5,4
191,18,0,2,2,1,4,4,4,3,3,3,1,1,1,4,4,4,4,4
192,18,1,2,1,4,4,5,4,5,4,4,4,3,1,4,3,4,2,3
193,20,0,3,2,1,2,1,5,5,5,5,5,5,1,1,5,4,3,2
194,16,0,2,1,4,5,4,4,5,4,4,5,1,5,3,1,2,5,3
195,16,1,2,1,4,3,4,4,4,4,5,5,1,4,3,4,2,4,3
196,17,0,4,1,5,4,3,4,5,3,2,4,1,4,5,3,2,4,4
197,18,0,2,1,1,2,2,2,5,5,3,4,5,1,4,3,4,2,3
198,16,1,2,1,5,5,5,5,5,5,5,5,5,1,1,4,5,5,5
199,21,1,4,1,4,4,4,4,5,4,3,2,1,1,5,4,4,2,1
200,16,0,2,1,4,4,3,4,4,5,5,4,2,1,4,4,4,5,4
201,17,1,2,1,3,4,5,3,5,3,2,5,1,5,5,3,2,4,4
202,17,1,2,1,2,3,2,1,4,5,1,2,3,1,5,3,4,5,4
203,18,0,2,2,5,5,5,5,5,5,5,5,5,1,5,5,5,5,5
204,20,1,1,3,4,5,3,4,1,2,3,4,5,1,4,4,4,1,2
205,18,0,1,2,3,5,2,5,4,5,4,5,1,3,5,2,3,5,3
206,20,1,2,2,2,4,1,2,1,4,2,2,5,1,5,5,5,4,5
207,17,0,2,1,2,2,2,1,4,5,3,3,5,1,4,3,5,4,3
208,18,0,1,2,3,2,4,3,1,5,3,5,5,1,5,5,5,5,5
209,17,0,2,1,2,1,2,1,5,5,1,3,1,5,5,3,3,4,4
210,17,1,2,1,5,5,5,3,5,5,4,5,5,1,4,4,5,4,5
211,16,0,1,1,1,2,2,2,4,4,5,4,3,1,3,1,3,3,2
212,18,0,2,3,3,3,3,3,3,5,3,3,1,4,5,3,3,4,4
213,20,1,4,1,3,4,4,5,4,5,2,2,1,1,5,4,5,5,4
214,16,1,2,1,3,5,5,3,4,3,2,4,1,3,2,5,5,1,3
215,18,1,2,1,5,5,4,4,5,5,5,4,1,1,5,5,5,2,1
216,17,1,1,2,3,2,4,1,2,1,3,3,5,1,1,5,4,3,2
217,20,1,2,2,4,2,3,5,5,5,1,5,5,1,5,5,5,4,5
218,18,0,2,1,1,4,3,4,5,5,4,2,4,1,4,2,4,2,5
219,17,1,2,1,1,1,2,2,3,4,3,5,4,1,1,5,5,5,3
220,20,0,2,1,1,2,2,2,5,4,5,4,5,1,5,4,3,4,5
221,25,0,4,1,3,4,4,5,5,4,5,5,5,1,5,3,5,1,3
222,18,0,3,2,1,1,1,1,5,5,4,5,5,1,5,3,3,4,5
223,17,1,1,2,5,5,5,5,5,5,1,5,1,5,1,5,5,4,5
224,18,1,2,1,4,5,5,4,5,3,4,1,5,1,1,2,4,5,2
225,17,0,2,1,5,5,4,4,5,5,5,3,3,1,5,5,5,4,3
226,18,0,1,2,2,2,3,2,5,5,5,5,3,1,5,3,4,2,1
227,17,1,2,1,5,5,3,4,5,4,2,5,1,5,4,5,5,4,5
228,17,1,2,1,3,4,4,4,5,5,5,5,1,1,1,1,1,1,1
229,17,1,2,1,4,4,1,2,4,5,2,3,5,1,4,2,4,2,1
230,18,0,2,2,2,2,3,1,5,5,5,3,5,1,2,2,3,2,2
231,19,0,2,2,5,5,3,4,4,5,3,4,5,1,4,4,3,4,4
232,21,0,1,1,1,1,2,1,5,5,5,4,5,1,5,5,5,4,3
233,18,0,3,2,4,5,3,4,1,2,1,2,3,1,3,2,2,1,5
234,17,1,2,2,1,2,3,3,5,5,5,5,1,5,3,3,4,5,4
235,18,1,3,2,1,2,2,3,5,3,4,1,2,1,3,5,4,4,3
236,18,1,2,2,5,4,5,3,5,5,3,3,5,1,5,4,5,5,5
237,18,1,2,1,4,4,4,4,4,3,4,4,1,1,2,1,1,4,1
238,17,0,2,3,5,5,5,5,5,3,3,3,1,5,5,2,1,4,4
239,16,0,1,1,5,4,4,5,5,4,3,3,5,1,3,3,3,4,2
240,16,0,2,1,5,4,3,4,5,1,5,5,1,2,5,4,4,5,4
241,18,0,3,1,1,5,3,5,5,5,4,5,5,1,1,1,2,1,1
242,18,0,1,1,3,4,2,4,5,5,3,3,2,1,2,2,1,3,4
243,20,0,2,1,5,5,2,2,5,4,5,4,5,1,5,4,5,4,5
244,20,1,3,2,1,1,1,3,5,1,1,5,1,5,1,1,1,5,5
245,19,0,2,2,3,1,5,3,5,5,5,5,1,5,5,5,5,4,5
246,29,1,5,1,4,5,4,5,5,1,3,4,5,1,5,5,4,5,3
247,18,1,2,1,4,3,3,3,5,5,1,5,1,5,5,1,5,4,3
248,17,1,2,1,4,5,1,2,4,5,3,4,5,1,4,2,4,2,1
249,20,1,4,1,4,4,3,5,4,4,4,5,1,5,5,4,4,5,5
250,18,0,2,1,2,1,2,1,5,4,3,5,1,5,5,4,3,4,4
251,15,0,1,2,3,4,3,4,3,5,1,1,1,1,1,1,1,3,1
252,21,1,4,2,2,3,1,1,1,1,1,1,1,2,5,5,5,3,5
253,18,1,2,1,5,3,5,5,5,5,5,4,5,1,5,5,5,4,5
254,20,0,3,1,4,5,3,5,4,4,5,5,5,1,5,1,5,4,5
255,17,0,1,1,4,4,4,4,5,5,4,4,4,1,1,1,1,1,1
256,19,1,3,2,1,2,2,2,5,5,3,4,5,1,4,3,5,2,3
257,18,1,2,2,3,2,5,4,5,1,1,5,3,1,5,5,1,3,4
258,21,0,3,1,4,4,5,4,5,5,1,5,5,1,5,5,5,1,1
259,15,1,1,2,4,4,4,5,1,5,1,5,1,5,5,1,1,3,3
260,20,0,4,1,1,3,4,4,5,3,5,4,4,1,5,3,3,1,5
261,18,1,2,1,3,3,5,4,5,4,5,3,5,1,3,1,2,5,1
262,17,0,1,2,1,2,2,2,5,5,2,2,5,1,5,3,3,1,1
263,16,0,2,1,4,3,3,3,5,1,1,5,1,5,5,3,5,3,5
264,19,0,1,2,5,5,2,4,3,4,5,4,1,5,5,5,2,4,4
265,17,0,2,1,4,5,5,5,2,3,1,1,1,3,5,1,4,2,3
266,21,0,3,1,2,2,2,1,5,4,4,4,3,1,4,4,3,4,4
267,20,0,2,1,1,1,2,1,5,5,4,5,1,5,5,4,3,5,4
268,16,1,1,3,3,5,5,5,3,5,2,4,1,4,5,3,5,4,4
269,20,1,2,2,1,1,4,1,5,5,5,5,1,1,1,1,1,1,1
270,18,1,3,2,3,5,2,2,5,4,5,5,5,1,1,1,2,5,3
271,17,0,1,1,5,5,5,5,4,5,2,3,1,3,5,5,5,4,5
272,16,0,2,2,4,3,2,4,2,3,3,3,1,4,3,2,3,3,3
273,17,0,2,1,3,4,1,3,5,5,1,1,1,5,5,3,1,3,3
274,17,1,2,1,1,1,1,1,5,5,5,4,5,1,5,5,5,4,5
275,21,0,3,2,5,5,4,5,5,3,2,5,3,1,5,4,1,1,1
276,17,1,2,1,3,4,4,4,5,5,5,1,1,1,1,1,1,4,1
277,18,1,3,1,4,5,4,5,5,5,4,4,5,1,1,1,3,1,1
278,17,0,1,2,5,5,4,5,5,5,5,5,1,5,5,3,5,5,4
279,18,1,2,1,5,2,3,4,5,5,5,5,5,1,1,1,1,1,1
280,19,0,3,2,5,4,4,4,5,2,3,1,1,5,1,2,5,3,4
281,17,0,2,1,2,3,1,1,4,5,3,3,5,1,4,4,5,5,4
282,22,0,3,1,5,5,3,5,5,5,5,5,1,4,4,4,4,5,4
283,19,0,4,1,3,2,2,1,5,5,2,3,4,1,3,3,2,2,2
284,21,0,4,2,4,4,5,5,4,4,5,4,1,5,5,5,5,4,5
285,16,0,2,2,3,4,2,2,2,1,1,3,1,4,2,1,3,1,3
286,17,1,2,2,5,5,5,5,5,4,3,4,4,1,5,5,5,5,1
287,16,1,2,2,2,2,3,2,4,4,4,3,4,1,4,4,3,4,4
288,19,1,1,1,3,2,3,3,2,2,2,1,1,1,4,4,3,5,4
289,19,1,4,2,2,2,1,2,4,3,3,4,5,1,3,2,5,2,1
290,18,1,2,2,4,5,3,4,5,5,5,4,1,5,4,3,3,5,4
291,16,1,2,2,3,3,3,4,1,2,2,3,2,1,2,3,2,2,4
292,21,0,2,1,4,5,4,3,3,3,4,3,5,1,5,5,1,5,4
293,19,1,2,2,4,4,2,3,4,5,2,3,1,5,2,3,5,4,3
294,18,0,3,1,5,5,5,5,5,4,3,5,2,1,2,1,1,5,1
295,19,0,2,2,1,2,2,2,1,1,1,1,1,1,1,1,1,2,4
296,18,0,3,1,2,1,2,3,5,3,4,5,3,1,3,3,1,1,2
297,18,0,2,1,3,3,3,2,5,4,3,2,1,1,4,3,5,2,1
298,18,0,2,1,2,1,3,3,4,4,3,2,4,1,3,4,1,2,1
299,17,1,4,2,2,4,1,1,1,3,4,2,1,1,1,5,2,2,1
300,19,1,3,2,5,5,4,4,5,5,5,5,5,1,5,1,5,1,1
301,18,1,3,2,3,2,3,2,5,4,5,4,5,1,4,3,1,3,1
302,19,0,4,1,5,4,3,5,5,5,4,5,1,4,5,4,4,4,4
303,17,1,2,1,3,4,3,5,4,4,3,4,1,5,4,4,4,4,4
304,16,0,2,2,4,3,3,4,5,4,4,3,3,3,5,3,2,3,4
305,18,0,2,1,5,5,5,4,5,5,1,5,5,1,3,1,1,5,5
306,20,1,2,2,4,3,2,4,5,5,1,1,5,1,5,5,5,1,1
307,19,0,3,1,5,3,2,2,5,5,1,5,5,1,1,1,5,4,5
308,18,0,2,1,3,5,5,5,4,4,2,2,1,1,2,1,1,4,1
309,16,1,2,1,3,3,4,4,3,4,1,5,4,1,1,2,5,3,3
310,19,1,2,1,5,4,2,4,5,5,5,5,5,1,3,3,3,3,3
311,18,1,3,1,3,4,2,3,5,5,5,5,1,5,5,5,5,5,5
312,21,1,4,1,3,4,4,5,5,5,5,1,5,1,5,5,5,1,5
313,21,1,3,1,2,4,4,2,5,4,3,4,5,1,4,3,1,2,2
314,17,1,2,1,5,5,4,5,5,5,4,5,3,1,5,5,5,4,5
315,20,0,4,1,5,4,4,4,3,5,2,1,4,1,5,3,4,2,1
316,18,1,2,1,3,3,4,4,5,5,5,5,1,4,3,1,4,5,3
317,16,0,2,1,4,3,4,4,5,5,5,5,1,5,5,1,5,5,4
318,20,1,2,2,3,2,3,5,5,5,1,5,1,5,5,5,5,4,5
319,18,0,2,2,1,1,1,1,5,5,5,4,4,1,5,5,5,4,4
320,18,0,2,2,4,1,3,1,4,5,4,5,1,4,5,4,4,4,4
321,18,1,2,2,4,5,3,4,5,5,5,4,1,5,4,3,3,5,4
322,16,1,2,1,4,5,2,1,5,5,1,3,5,1,5,5,5,4,4
323,20,1,2,1,1,1,1,1,5,5,4,5,1,5,4,3,4,5,4
324,17,1,2,1,4,4,1,3,3,5,5,5,1,1,1,1,5,5,1
325,18,0,2,1,4,4,3,5,5,5,3,4,5,1,5,2,4,4,5
326,18,0,3,2,2,5,3,3,5,4,4,4,5,1,4,5,5,4,5
327,17,0,1,1,5,4,3,2,5,2,5,3,1,5,3,1,4,5,4
328,17,1,2,1,5,3,4,4,5,5,1,5,1,5,5,5,5,3,4
329,17,0,2,1,5,5,4,5,5,5,5,5,5,1,5,5,5,4,1
330,16,1,2,1,2,2,2,3,5,4,1,2,5,1,1,1,2,1,1
331,16,1,2,2,3,3,4,5,5,5,5,5,5,1,1,1,5,1,1
332,16,0,2,2,4,5,4,5,5,4,4,4,3,1,3,5,4,3,3
333,17,0,2,1,4,4,4,4,5,4,3,1,4,1,4,3,1,1,1
334,18,0,2,1,3,5,2,5,5,5,5,5,5,1,3,2,4,5,4
335,19,1,1,2,1,1,2,3,5,3,3,5,3,1,5,5,5,4,5
336,17,0,1,1,1,2,3,2,1,2,4,5,4,1,1,1,1,1,2
337,20,0,3,2,2,2,3,3,5,3,2,5,1,1,5,1,3,2,1
338,17,0,2,2,3,1,4,3,3,4,4,5,5,1,3,3,5,4,5
339,17,1,2,2,4,4,5,4,3,2,3,5,1,4,5,4,5,3,5
340,19,0,2,1,2,3,3,3,4,4,3,3,4,1,3,5,4,2,1
341,19,0,2,1,5,4,3,5,5,3,5,5,1,2,3,5,3,5,5
342,19,1,4,2,2,4,1,4,5,5,5,5,5,1,5,5,5,3,1
343,19,0,2,1,4,4,4,3,4,5,4,3,4,1,5,4,3,2,1
344,19,0,4,1,5,4,3,4,5,5,4,4,1,4,5,4,4,4,4
345,17,1,1,2,3,3,5,5,4,4,3,4,4,1,5,5,5,5,5
346,16,0,1,1,3,1,3,3,5,4,4,5,3,1,5,5,5,3,5
347,18,0,2,1,1,2,2,2,2,5,4,1,1,4,1,3,2,3,3
348,17,1,2,2,4,3,4,4,4,3,3,3,5,1,5,5,3,3,3
349,26,0,4,1,4,3,2,4,4,5,5,5,3,1,5,5,5,5,4
350,26,1,5,1,1,1,2,2,5,5,5,4,4,1,5,4,3,4,4
351,17,0,1,3,1,1,3,2,3,3,2,4,4,1,2,5,2,1,2
352,17,0,2,1,1,2,2,2,5,5,5,5,5,1,5,1,5,5,5
353,20,0,3,2,4,2,2,4,5,4,3,2,5,1,5,4,3,2,1
354,18,1,3,1,2,2,1,1,4,3,3,4,3,1,5,4,5,5,4
355,19,0,2,1,5,4,5,5,5,3,5,5,1,2,3,5,3,5,3
356,17,1,2,1,5,5,5,5,5,5,5,4,5,1,5,5,5,4,5
357,18,0,2,1,1,2,3,1,5,5,5,5,5,1,5,1,5,5,1
358,17,0,2,1,5,4,3,5,5,4,3,3,1,5,1,3,5,4,4
359,19,1,2,2,1,1,3,1,4,3,5,5,1,5,3,3,1,4,3
360,17,0,2,1,1,1,3,2,5,5,4,4,2,1,5,5,5,4,3
361,18,0,2,2,1,2,2,2,5,2,5,4,5,1,1,1,2,1,1
362,18,1,3,2,5,4,5,4,5,5,1,3,1,5,5,2,5,4,4
363,20,0,2,1,1,2,2,2,5,3,4,5,4,1,4,5,3,4,5
364,17,1,2,2,3,3,5,3,5,5,3,4,5,1,5,3,5,3,3
365,19,0,2,1,5,5,3,5,5,4,5,4,5,1,5,3,4,2,1
366,21,0,4,2,3,5,5,5,1,5,5,1,1,1,5,1,5,3,3
367,18,1,2,1,4,5,3,3,4,5,2,5,1,1,4,5,3,3,4
368,20,0,3,2,5,4,2,5,1,1,1,3,1,1,1,1,1,1,1
369,20,0,4,1,2,2,1,2,5,3,2,5,5,1,5,3,4,5,3
370,48,0,1,3,1,1,1,1,5,5,5,5,5,1,1,4,1,5,1
371,19,0,3,2,4,4,4,4,5,5,5,5,5,1,5,1,5,1,5
372,16,0,1,2,5,5,5,5,5,5,5,5,5,1,5,1,1,1,1
373,19,1,2,2,3,3,4,1,5,4,2,4,5,1,3,2,1,3,2
374,16,0,2,2,3,4,2,4,2,1,3,3,1,1,2,1,3,2,3
375,21,0,2,2,4,5,4,4,4,2,3,3,1,1,5,5,5,3,5
376,18,1,2,1,5,4,5,5,5,2,2,5,1,5,5,1,1,4,3
377,20,0,3,1,1,1,2,2,5,5,5,5,5,1,5,5,2,5,5
378,20,0,4,1,1,2,1,5,5,2,3,5,1,2,5,3,5,4,3
379,17,0,2,1,1,1,2,2,5,5,5,3,5,1,5,4,5,3,4
380,16,0,1,1,1,1,4,3,3,5,5,2,3,1,2,2,1,5,1
381,20,0,4,2,4,4,4,5,1,1,5,5,1,1,3,1,5,5,1
382,19,0,2,2,2,4,3,4,3,2,2,5,1,1,4,2,2,3,3
383,19,0,2,1,3,2,5,2,5,5,2,5,1,1,3,4,5,4,3
384,17,1,2,1,3,1,3,4,5,5,4,5,1,5,3,3,1,5,3
385,18,0,2,1,5,3,4,3,5,5,5,5,1,3,2,2,3,5,3
386,20,0,3,1,1,2,2,3,1,2,3,4,5,1,3,4,3,2,1
387,15,0,3,2,4,4,1,4,4,5,3,2,1,5,5,5,1,4,4
388,16,0,2,1,4,3,3,5,4,3,2,4,1,5,5,2,3,4,4
389,17,0,2,1,4,4,3,4,5,4,3,4,5,1,4,3,3,1,2
390,18,1,2,1,4,3,4,4,5,3,4,5,1,5,5,2,5,5,4
391,21,1,3,1,2,1,5,1,3,3,4,2,4,1,1,2,4,2,1
392,18,1,2,2,2,2,3,2,5,5,5,5,5,1,5,5,5,5,5
393,16,1,1,3,3,5,5,5,3,5,2,4,1,4,5,3,5,4,4
394,19,1,2,1,3,2,5,3,5,5,5,4,5,1,1,1,3,4,1
395,17,0,2,1,5,5,5,5,3,4,5,4,2,1,1,3,4,5,2
396,19,1,2,1,1,5,5,3,5,5,3,3,5,1,1,1,5,1,1
397,19,0,2,2,3,4,4,4,4,2,3,3,1,5,5,1,1,3,3
398,17,0,1,1,5,5,5,5,5,1,5,5,1,5,2,1,1,4,3
399,19,1,2,1,5,4,2,4,1,1,1,1,1,1,3,3,3,5,3
400,19,0,2,1,1,2,3,1,5,5,4,5,5,1,3,2,4,5,5
401,21,0,2,2,4,4,3,3,3,2,2,2,1,5,5,5,5,3,5
402,17,0,2,1,3,2,2,2,3,3,5,5,4,1,5,5,5,5,4
403,17,0,2,2,5,5,4,4,3,5,2,1,4,1,5,3,4,2,5
404,19,0,2,2,2,5,1,1,4,4,4,2,4,1,1,2,1,1,4
405,18,1,2,1,4,5,5,5,5,4,5,4,5,1,1,5,1,5,5
406,16,0,1,1,2,3,2,2,4,4,3,2,4,1,5,3,5,5,4
407,17,0,2,2,4,4,4,4,3,5,1,2,4,1,5,3,4,2,1
408,18,1,1,1,5,4,3,5,5,5,4,5,1,1,3,4,3,5,2
409,18,0,2,1,3,4,5,4,4,5,5,3,3,1,3,5,5,4,2
410,20,0,4,2,3,4,4,4,5,5,1,1,1,3,5,5,5,3,4
411,21,0,2,1,4,3,4,4,4,4,3,5,1,2,4,3,4,4,3
412,20,1,2,1,4,4,4,3,4,3,2,4,1,1,3,4,4,5,5
413,19,1,1,2,1,1,1,3,4,4,4,5,1,4,4,4,3,4,4
414,22,0,4,1,4,5,4,5,4,4,5,5,1,3,4,5,4,5,3
415,19,1,2,1,3,4,2,4,5,5,4,5,1,1,3,4,1,5,2
416,17,0,2,1,2,2,2,2,5,4,4,5,1,5,4,4,4,5,5
417,17,1,1,3,3,4,4,1,5,5,5,5,5,1,5,4,5,4,5
418,16,0,2,1,2,3,4,4,5,3,5,5,1,1,1,3,3,4,2
419,19,0,4,1,1,2,3,5,2,5,3,5,4,1,4,2,4,5,5
420,18,1,3,1,3,4,4,4,5,4,2,4,3,1,5,1,2,1,1
421,16,1,2,1,3,5,5,3,4,3,2,4,1,3,2,4,5,4,3
422,21,0,2,1,4,3,4,4,4,4,3,5,1,2,4,3,4,4,3
423,25,0,3,1,2,2,2,2,4,4,4,3,5,1,5,4,5,4,4
424,18,0,2,1,4,3,3,4,5,4,5,3,1,1,5,3,4,2,1
425,18,1,2,1,2,4,5,4,4,4,3,4,4,1,4,5,5,3,1
426,18,0,2,1,1,2,4,2,5,3,5,3,4,1,2,1,3,2,2
427,25,0,3,1,2,2,3,1,3,4,3,1,3,1,1,3,4,3,4
428,21,1,3,1,3,3,3,4,3,5,1,1,5,1,5,4,5,5,5
429,17,0,2,2,2,2,3,2,1,5,4,4,1,4,5,3,4,4,4
430,17,1,2,1,5,5,4,5,5,5,2,5,1,1,5,5,5,5,4
431,19,0,2,1,3,1,3,1,5,4,5,4,4,1,5,4,3,4,4
432,21,0,4,2,1,2,3,4,4,4,3,4,5,1,2,1,3,4,5
433,15,0,1,2,5,4,4,4,5,4,3,2,1,1,4,5,2,3,2
434,17,0,2,2,4,4,4,4,3,5,1,2,4,1,5,3,4,2,1
435,20,0,1,2,1,2,5,5,5,5,5,5,5,1,5,5,5,3,5
436,19,0,4,1,1,1,2,1,5,5,5,3,5,1,1,1,2,5,5
437,20,1,4,1,5,5,3,5,1,1,2,3,1,1,3,3,4,2,1
438,19,0,2,1,5,4,3,5,5,5,3,4,5,1,2,3,3,5,2
439,16,0,1,1,1,2,2,1,5,5,5,5,5,1,5,4,4,5,1
440,17,0,2,1,1,1,1,1,5,4,4,4,4,1,5,4,2,3,3
441,18,0,3,2,4,4,3,3,5,3,2,5,1,1,5,1,3,2,5
442,17,0,2,1,3,3,1,1,4,5,4,5,1,5,4,3,4,5,5
443,17,0,2,1,4,5,3,4,5,5,1,1,1,5,5,1,1,3,3
444,18,0,3,1,3,2,3,3,5,5,5,5,5,1,5,1,5,5,5
445,18,1,4,1,4,3,2,4,5,4,3,5,4,1,4,2,4,4,1
446,17,0,2,1,5,5,4,5,5,5,5,4,5,1,5,5,5,3,4
447,18,1,2,1,4,5,4,5,5,4,5,5,5,1,1,1,1,3,1
448,19,1,4,2,1,5,1,1,5,5,5,4,5,1,3,2,3,4,3
449,18,0,3,1,2,2,2,4,3,4,5,3,1,1,5,1,3,1,1
450,17,1,2,1,5,5,4,3,5,3,1,5,1,5,3,5,1,3,3
451,18,1,2,1,2,2,2,2,5,4,5,1,3,1,4,2,1,3,2
452,18,1,1,2,2,2,3,2,4,4,3,4,1,4,5,4,3,4,4
453,19,1,2,1,1,1,2,2,5,5,5,4,5,1,5,5,5,5,4
454,18,1,2,1,4,2,4,4,5,4,1,5,5,5,5,5,5,4,5
455,22,0,4,1,3,2,3,1,5,5,5,4,5,1,4,5,4,2,3
456,17,0,2,1,5,5,4,4,5,4,3,2,5,1,5,4,5,5,1
457,16,1,2,1,4,1,3,2,5,5,1,5,5,1,2,1,5,3,2
458,20,1,2,2,2,3,1,3,4,3,4,4,1,4,4,3,2,4,3
459,19,1,3,1,5,5,5,5,3,4,2,5,1,4,5,5,5,4,4
460,20,0,2,1,2,3,4,4,5,3,2,3,1,4,1,1,2,3,1
461,18,1,2,1,5,4,5,5,5,2,2,5,1,5,5,1,1,4,3
462,17,0,2,1,5,5,4,4,5,5,4,3,5,1,5,2,2,3,2
463,18,0,2,1,1,3,1,4,4,5,3,3,5,1,5,3,2,1,3
464,17,1,2,1,4,3,4,5,5,4,4,4,1,5,4,3,4,4,4
465,20,1,4,2,4,5,3,5,3,3,4,4,1,3,4,5,5,4,4
466,19,0,2,1,5,5,1,1,1,1,1,1,1,1,4,5,4,5,5
467,19,0,2,1,3,3,4,3,5,5,3,2,4,1,5,2,1,1,1
468,18,0,3,1,3,3,5,5,4,5,5,4,1,1,1,1,1,5,1
469,23,1,3,3,5,4,3,4,4,5,5,3,1,4,5,3,4,4,4
470,17,1,1,2,1,2,2,2,5,5,5,5,1,1,1,1,1,1,5
471,17,1,2,1,3,4,3,5,4,4,3,4,1,5,4,4,4,4,4
472,17,1,1,3,1,1,3,1,5,5,4,2,3,1,5,1,5,2,2
473,18,0,3,2,4,1,3,3,5,4,4,4,5,1,5,5,5,4,5
474,19,1,2,3,4,5,1,1,1,4,3,4,5,1,5,4,5,5,4
475,21,0,2,1,2,1,5,5,5,5,5,5,5,1,5,5,5,5,5
476,17,0,2,1,1,2,2,1,5,5,5,3,1,5,4,3,4,3,4
477,20,1,4,1,2,4,5,5,5,4,4,4,5,1,3,3,5,5,3
478,22,1,3,2,2,2,3,2,5,4,5,4,5,1,5,3,4,4,3
479,20,1,2,1,5,5,5,5,5,3,5,5,1,4,4,4,4,5,4
480,18,1,3,2,3,2,2,3,5,5,3,3,3,1,2,3,5,5,5
481,18,1,2,2,4,5,5,3,5,5,5,5,1,5,5,5,5,5,5
482,19,0,3,2,5,4,4,5,4,2,3,1,1,1,4,3,2,3,3
483,31,0,5,2,3,3,3,2,5,4,4,3,5,1,5,4,4,3,3
484,19,0,2,2,5,5,5,4,1,1,1,1,1,1,1,1,1,1,1
485,20,1,2,1,3,3,2,1,4,3,2,4,5,1,5,3,2,1,1
486,22,0,4,2,2,1,3,2,1,1,1,1,1,1,5,5,5,5,5
487,17,0,2,2,5,4,5,4,5,3,5,5,1,1,4,5,1,3,3
488,18,1,2,2,5,4,4,4,5,4,5,5,5,1,5,2,3,5,1
489,18,0,2,1,2,3,3,2,5,4,3,3,4,1,5,4,5,2,1
490,17,1,1,3,1,1,1,1,5,1,5,1,1,1,3,3,1,1,5
491,19,0,2,1,5,5,3,5,5,5,4,3,5,1,3,1,1,5,2
492,20,1,3,2,4,4,4,4,4,3,4,5,1,4,5,3,4,4,3
493,19,1,2,1,4,4,4,4,5,5,4,4,1,4,3,3,5,5,3
494,16,0,1,1,4,4,5,4,5,5,5,3,1,5,3,5,5,5,4
495,17,0,3,2,3,5,2,2,2,2,1,1,2,1,5,4,5,2,3
496,17,1,2,1,4,4,4,4,5,5,5,1,1,1,1,1,1,4,1
497,17,0,2,1,1,1,2,2,5,5,5,4,5,1,5,4,5,3,2
498,19,0,2,1,1,1,4,1,1,1,1,1,1,1,1,1,3,1,3
499,17,0,2,1,1,1,2,2,5,5,5,3,1,1,5,4,5,4,3
500,17,1,2,2,3,4,5,4,5,1,3,4,2,1,4,5,3,2,1
